Date,Impressions,Likes,Replies,Reposts,Shares,Bookmarks,Profile visits,Engagements,Video views,Create Post,New follows,Unfollows
2026-01-01,10100,272,27,38,11,13,222,427,1414,2,9,1
2026-01-02,9949,271,27,38,10,13,218,424,1409,1,8,1
2026-01-03,9646,266,26,37,10,13,211,415,1382,1,7,1
2026-01-04,9287,258,25,37,10,13,202,403,1346,1,7,1
2026-01-05,9871,278,27,40,11,14,214,434,1446,1,8,1
2026-01-06,10194,289,28,42,11,15,219,450,1509,2,9,1
2026-01-07,10554,302,29,44,11,16,225,469,1578,2,10,1
2026-01-08,10651,308,29,45,11,17,225,477,1608,2,10,2
2026-01-09,10433,304,29,45,11,17,217,471,1589,1,9,1
2026-01-10,10048,294,27,43,10,16,207,452,1543,1,8,1
2026-01-11,9597,283,26,42,10,16,195,435,1485,1,8,1
2026-01-12,10079,299,27,44,10,17,201,457,1571,1,8,1
2026-01-13,10295,306,27,45,10,18,202,466,1614,2,9,1
2026-01-14,10546,315,28,47,11,18,204,480,1662,2,10,1
2026-01-15,10533,315,27,46,10,18,200,476,1668,2,10,2
2026-01-16,10209,306,26,45,10,18,191,462,1623,1,8,1
2026-01-17,9724,291,24,42,9,17,178,436,1550,1,8,1
2026-01-18,9182,275,23,40,9,16,165,412,1466,1,7,1
2026-01-19,9584,286,23,41,9,17,170,427,1532,1,8,1
2026-01-20,9735,290,24,41,9,17,169,431,1557,2,9,1
2026-01-21,9936,295,24,42,10,17,170,439,1588,2,9,1
2026-01-22,9890,292,23,41,10,17,167,433,1579,2,9,1
2026-01-23,9550,281,22,39,9,16,159,414,1521,1,7,1
2026-01-24,9068,265,21,36,9,15,149,390,1440,1,7,1
2026-01-25,8546,248,19,34,8,14,139,364,1351,1,7,1
2026-01-26,8988,258,20,35,9,14,145,379,1414,1,7,1
2026-01-27,9193,262,20,35,9,14,147,384,1439,2,8,1
2026-01-28,9464,267,21,35,9,15,151,392,1472,2,8,1
2026-01-29,9501,266,21,35,9,14,152,390,1467,2,8,1
2026-01-30,9255,256,20,33,9,14,148,376,1418,1,7,1
2026-01-31,8875,243,19,31,8,13,142,356,1348,1,6,1
2026-02-01,9661,262,21,34,9,13,155,385,1454,1,7,1
2026-02-02,10213,273,22,35,10,14,165,403,1523,1,7,1
2026-02-03,10527,279,23,36,10,14,172,413,1554,2,8,1
2026-02-04,10904,286,24,37,10,14,180,425,1592,2,9,1
2026-02-05,11040,286,24,37,10,14,185,426,1594,2,9,1
2026-02-06,10883,279,24,36,10,13,185,417,1554,1,8,1
2026-02-07,10581,268,23,35,9,12,183,401,1493,1,7,1
2026-02-08,10230,257,23,34,9,12,179,388,1427,1,7,1
2026-02-09,10829,270,24,36,9,12,193,408,1492,1,7,1
2026-02-10,11174,276,25,37,9,12,203,419,1521,2,9,1
2026-02-11,11563,283,26,38,9,12,214,432,1556,2,9,1
2026-02-12,11694,285,27,39,9,12,220,438,1555,2,9,1
2026-02-13,11513,279,26,38,9,12,221,430,1513,1,8,1
2026-02-14,11170,269,26,37,8,11,218,416,1451,1,8,1
2026-02-15,10762,259,25,36,8,10,213,401,1383,1,7,1
2026-02-16,11289,271,26,38,8,11,227,422,1436,1,8,1
2026-02-17,11549,277,27,39,8,11,236,432,1455,2,9,1
2026-02-18,11843,284,28,41,9,11,245,446,1478,2,9,1
2026-02-19,11870,285,28,41,9,11,249,448,1469,2,9,1
2026-02-20,11582,279,27,41,9,11,246,440,1423,1,8,1
2026-02-21,11129,269,26,39,9,10,238,424,1358,1,8,1
2026-02-22,10612,258,25,38,9,10,229,408,1288,1,7,1
2026-02-23,11034,270,26,40,9,10,240,427,1333,1,8,1
2026-02-24,11197,276,27,41,10,11,244,438,1348,2,9,1
2026-02-25,11403,283,27,42,10,11,250,448,1370,2,9,1
2026-02-26,11354,285,27,42,11,11,249,450,1362,2,9,1
2026-02-27,11005,278,26,41,11,11,242,439,1320,1,8,1
2026-02-28,10507,269,25,40,11,11,230,425,1262,1,8,1
2026-03-01,11162,288,27,42,11,12,244,453,1344,1,8,1
2026-03-02,11574,302,28,44,12,12,252,473,1398,1,9,1
2026-03-03,11745,310,28,45,12,13,254,484,1425,2,10,1
2026-03-04,11977,320,29,46,13,14,257,499,1461,2,10,1
2026-03-05,11973,323,29,46,13,14,254,501,1470,2,10,2
2026-03-06,11683,319,28,45,13,14,245,492,1445,1,9,1
2026-03-07,11258,311,27,43,12,14,233,476,1404,1,9,1
2026-03-08,10801,301,25,42,11,14,221,459,1359,1,8,1
2026-03-09,11309,319,27,44,12,15,228,485,1437,1,9,1
2026-03-10,11584,329,27,45,12,16,230,498,1487,2,10,1
2026-03-11,11925,342,28,46,12,17,233,514,1548,2,10,1
2026-03-12,12031,348,28,46,12,17,231,520,1579,2,11,2
2026-03-13,11849,345,28,46,11,17,223,513,1573,1,9,1
2026-03-14,11529,338,27,44,11,17,214,501,1549,1,9,1
2026-03-15,11167,329,26,43,10,17,203,485,1519,1,9,1
2026-03-16,11762,349,27,45,10,18,210,512,1619,1,9,1
2026-03-17,12111,361,28,47,11,19,213,529,1687,2,11,1
2026-03-18,12510,374,29,48,11,20,216,546,1763,2,11,1
2026-03-19,12658,379,30,49,11,21,215,554,1805,2,11,2
2026-03-20,12502,375,30,48,11,21,210,548,1804,1,10,2
2026-03-21,12188,365,29,47,10,21,202,532,1778,1,10,2
2026-03-22,11816,354,28,46,10,20,194,516,1742,1,9,1
2026-03-23,12382,370,30,48,11,21,201,540,1844,1,10,2
2026-03-24,12684,378,31,50,11,22,204,553,1908,2,11,1
2026-03-25,13022,386,32,51,12,22,209,565,1977,2,11,1
2026-03-26,13094,387,32,52,12,23,209,568,2005,2,11,2
2026-03-27,12849,377,32,51,12,22,205,555,1983,1,10,2
2026-03-28,12438,363,31,49,12,21,199,535,1933,1,10,2
2026-03-29,11960,346,30,47,12,20,192,512,1871,1,9,1
2026-03-30,12417,357,32,49,13,21,200,532,1953,1,10,2
2026-03-31,12610,359,32,50,13,21,205,536,1993,2,11,1
